"date","day_num","dow","MON","TUE","WED","THU","FRI","SAT","SUN","PRESDAY","STPATS","KDERBY","MEMDAY","INDDAY","LABORDAY","NCAABBALL","TREND","R1_COIN","R1_DROP","R1_RAKE","R2_COIN","R2_DROP","R2_RAKE","R3_COIN","R3_DROP","R3_RAKE","R3_TREND"
2009-02-03,1,"Tuesday",0,1,0,0,0,0,0,0,0,0,0,0,0,0,0,14.493627066451,12.8950010740031,8.36579785488099,15.6743584290603,14.0977652242677,10.021317864158,15.7090214636866,12.1114383569959,8.67075682070256,5.22589805801584
2009-02-04,2,"Wednesday",0,0,1,0,0,0,0,0,0,0,0,0,0,0,0.693147180559945,14.5249651617574,12.7777807566594,8.76567419192041,15.8654902868901,14.6253489587625,10.1641274820002,15.2470147208282,11.554102015024,8.1983051852099,5.15423037834218
2009-02-05,3,"Thursday",0,0,0,1,0,0,0,0,0,0,0,0,0,0,1.09861228866811,14.3314378439243,12.5756870258928,8.33487593712078,15.9091554851517,15.7732924458919,9.92086384794787,15.3712403088309,11.8888555755463,8.20999894496312,4.74283757275458
2009-02-06,4,"Friday",0,0,0,0,1,0,0,0,0,0,0,0,0,0,1.38629436111989,14.970274740152,13.2985434477314,8.74857593052944,15.4112444544156,14.2661659758649,9.71006718511941,15.4343693897242,11.9284809918178,8.50154902725946,4.12719635266089
2009-02-07,5,"Saturday",0,0,0,0,0,1,0,0,0,0,0,0,0,0,1.6094379124341,14.6365025469389,13.0186878786725,8.85961261381968,15.614204962088,14.8152581493024,9.82133536252482,15.3426801563238,11.6788566941297,8.18709082592247,5.47251548054188
2009-02-08,6,"Sunday",0,0,0,0,0,0,1,0,0,0,0,0,0,0,1.79175946922805,14.4014765310066,12.7479933373002,8.36548055944995,15.9247568416905,14.7050569462134,10.0830119552787,15.3923738548129,12.0239866012643,8.26232402482814,3.61403454729993
2009-02-09,7,"Monday",1,0,0,0,0,0,0,0,0,0,0,0,0,0,1.94591014905531,14.6800727202467,13.0456025297302,8.80415748721118,16.1954194752017,15.618025529512,9.66464548259481,15.3069266809672,11.6727899262484,8.16619568652791,4.50475777785413
2009-02-10,8,"Tuesday",0,1,0,0,0,0,0,0,0,0,0,0,0,0,2.07944154167984,14.6482881134082,12.6967165070663,8.22901051599106,15.7282654486536,14.6660749996073,9.88854386812037,15.2204069779058,11.8867870773793,7.96280900982394,4.56801177990643
2009-02-11,9,"Wednesday",0,0,1,0,0,0,0,0,0,0,0,0,0,0,2.19722457733622,14.48139904812,12.5403535843065,8.83079121486296,16.4086462765556,15.8775509429097,10.1340328037574,15.2969065926073,11.8416500874904,8.48378113660274,6.88786628818267
2009-02-12,10,"Thursday",0,0,0,1,0,0,0,0,0,0,0,0,0,0,2.30258509299405,14.4529167013469,12.67931957559,8.38907671769642,15.6021026605838,14.6158331750963,9.95603134239695,15.6161537253984,12.1040395221794,8.16960696377706,3.72442691249661
2009-02-13,11,"Friday",0,0,0,0,1,0,0,0,0,0,0,0,0,0,2.39789527279837,14.9289638477527,13.2128979245853,8.68794223670089,15.6068321334227,15.0373876025332,9.88520301922424,15.187069887317,11.8833529490715,8.29871016689095,4.89084605898969
2009-02-14,12,"Saturday",0,0,0,0,0,1,0,1,0,0,0,0,0,0,2.484906649788,14.7877006865977,13.5466711070275,9.38,15.9350938697347,15.1183026543944,10.1678765421795,15.5393152351235,11.8173792649641,8.53491256928405,4.03705137482323
2009-02-15,13,"Sunday",0,0,0,0,0,0,1,1,0,0,0,0,0,0,2.56494935746154,14.4932856343053,13.0690018845835,8.94741597754792,15.5982017703841,15.0210185082083,9.48871856175307,15.6151987271979,11.8243674330841,8.48537344836743,3.34992688381756
2009-02-16,14,"Monday",1,0,0,0,0,0,0,1,0,0,0,0,0,0,2.63905732961526,14.2568379410399,12.9680033088495,8.45664730418258,15.0721442501586,14.4067717239079,9.57015669108646,15.865696133045,12.3184535394515,8.49778500687067,2.15491414374704
2009-02-17,15,"Tuesday",0,1,0,0,0,0,0,0,0,0,0,0,0,0,2.70805020110221,14.9700119453263,13.4240169311975,8.56301979339093,16.65,15.4274022423069,10.476104425329,15.1869610978557,11.8813785975789,8.1294066658254,4.82850931689464
2009-02-18,16,"Wednesday",0,0,1,0,0,0,0,0,0,0,0,0,0,0,2.77258872223978,14.7391872380621,13.5177614054756,9.20876029046843,15.2402072454239,13.67,9.69412744913497,14.9,11.5627223953909,8.01128986953521,5.89436808786176
2009-02-19,17,"Thursday",0,0,0,1,0,0,0,0,0,0,0,0,0,0,2.83321334405622,14.4184177061892,12.5011201920182,8.44569766561397,16.0136170355913,15.1866058019796,10.0745967864163,15.1794606350465,11.6680543844072,8.24424213491406,2.40894412176007
2009-02-20,18,"Friday",0,0,0,0,1,0,0,0,0,0,0,0,0,0,2.89037175789616,14.747834960942,13.0656794224079,8.91531621024119,15.8718827252227,14.4475876149888,10.2388218277595,15.7044675888848,12.2619989952628,8.58924522677124,3.12637534307069
2009-02-21,19,"Saturday",0,0,0,0,0,1,0,0,0,0,0,0,0,0,2.94443897916644,14.7393640123007,13.0993231515472,8.93665003686947,16.0415961050702,15.0300588175896,10.2786742047286,15.2149199581447,11.7786065642994,7.92110115019633,4.53703933794605
2009-02-22,20,"Sunday",0,0,0,0,0,0,1,0,0,0,0,0,0,0,2.99573227355399,14.695298831733,13.1464306582674,9.15090384185079,16.0960187747294,14.9384380464327,10.0735517028984,15.4625089328221,11.8832697106033,8.22699522667293,2.74157080011189
2009-02-23,21,"Monday",1,0,0,0,0,0,0,0,0,0,0,0,0,0,3.04452243772342,14.8981657638356,13.4827996247851,9.06325243802198,15.5580163700819,15.5571723353396,10.284387729438,15.087163497379,11.8188100415629,8.18933156523849,4.29841795932855
2009-02-24,22,"Tuesday",0,1,0,0,0,0,0,0,0,0,0,0,0,0,3.09104245335832,14.5744539374207,12.673912075984,8.79545440858402,15.563527175318,14.2404138265179,9.72713225671388,15.6231156964865,12.0359342003781,8.57860800212477,3.8900830328372
2009-02-25,23,"Wednesday",0,0,1,0,0,0,0,0,0,0,0,0,0,0,3.13549421592915,14.5147906931902,12.7262621765101,8.53771078836759,16.1585767801655,15.3963165865834,10.2868745500061,15.3349507025713,11.8888053709595,8.26150976463961,4.04867591937105
2009-02-26,24,"Thursday",0,0,0,1,0,0,0,0,0,0,0,0,0,0,3.17805383034795,14.2610836122501,13.0564030829226,9.0013166259035,15.4569697174933,15.3421241328994,10.3751359771351,15.1645245593903,11.4837643945492,8.3562648835465,3.2156027776478
2009-02-27,25,"Friday",0,0,0,0,1,0,0,0,0,0,0,0,0,0,3.2188758248682,14.6219226710687,12.9261429096617,9.04139986010935,15.2188191882509,15.1432130481049,9.51079252702033,14.9,11.4087202080156,7.96756347828115,6.90286920803907
2009-02-28,26,"Saturday",0,0,0,0,0,1,0,0,0,0,0,0,0,0,3.25809653802148,14.4699612666107,12.6662624227024,8.52909138253192,15.1169228992086,13.8097522308333,9.37,15.3808941487587,11.964239929769,8.41358658059785,4.69603146703059
2009-03-01,27,"Sunday",0,0,0,0,0,0,1,0,0,0,0,0,0,0,3.29583686600433,14.6141996629015,13.1062549531683,8.70508907540753,15.7300845955949,15.0387135994094,9.93889595203279,15.2949038009827,11.7740130951317,8.00269560499401,5.76714105864957
2009-03-02,28,"Monday",1,0,0,0,0,0,0,0,0,0,0,0,0,0,3.3322045101752,14.11,12.16,8.0090666641616,15.4873947163747,14.5807289287957,9.73158767149352,15.2591333244033,11.6810039374338,7.98571543276986,5.31727677689561
2009-03-03,29,"Tuesday",0,1,0,0,0,0,0,0,0,0,0,0,0,0,3.36729582998647,14.5413476857916,12.8946366500729,8.17543784489663,15.956109792691,15.0151156798075,10.1627823098331,15.4690063709029,11.8870174666987,8.31946602072881,4.47812149023278
2009-03-04,30,"Wednesday",0,0,1,0,0,0,0,0,0,0,0,0,0,0,3.40119738166216,14.616823792802,12.8350436096699,8.52456519136216,15.9200353021707,14.9537912710884,9.95347129927645,15.5123494423611,12.0878860035626,8.56033771245635,3.77849929527627
2009-03-05,31,"Thursday",0,0,0,1,0,0,0,0,0,0,0,0,0,0,3.43398720448515,14.7977280909598,12.9892064569113,8.7976003711287,15.5314300108286,14.9948656864485,10.0675141906492,14.9,11.3570107495732,7.73008821188185,5.51742034838541
2009-03-06,32,"Friday",0,0,0,0,1,0,0,0,0,0,0,0,0,0,3.46573590279973,14.5127094322724,12.7988127940707,8.56646930879563,15.6628301794247,14.7314855500317,10.1023129008916,15.2665159773697,11.8532516030174,8.04763877638258,5.29011431477864
2009-03-07,33,"Saturday",0,0,0,0,0,1,0,0,0,0,0,0,0,0,3.49650756146648,14.5620688837771,12.8406837880908,8.93870479703207,15.799594684974,15.0778879294963,10.2220009022607,15.6131175897198,12.0158979030251,8.31179153971685,6.39326148523327
2009-03-08,34,"Sunday",0,0,0,0,0,0,1,0,0,0,0,0,0,0,3.52636052461616,14.4718123070503,12.6613129731172,8.50109992917717,15.6184154205284,14.6946772294743,9.82016170353688,15.2338003686648,12.0225444943924,8.07211961100539,4.96038960361178
2009-03-09,35,"Monday",1,0,0,0,0,0,0,0,0,0,0,0,0,0,3.55534806148941,14.1569471288464,12.3088511547333,8.15004687905641,15.2526155524915,14.1595070632505,9.94557994040342,14.9908886010833,11.3862305337391,8.05259370068281,5.68787175589413
2009-03-10,36,"Tuesday",0,1,0,0,0,0,0,0,0,0,0,0,0,0,3.58351893845611,14.3953563319043,12.5660428888723,8.3331131373605,15.9908980454525,14.5914668403811,9.82424991170271,15.1101517122731,11.680051950937,7.95488889536247,5.03124930952035
2009-03-11,37,"Wednesday",0,0,1,0,0,0,0,0,0,0,0,0,0,0,3.61091791264422,14.5410623823944,13.0527267554801,8.80465910964332,15.0178604258766,13.7209089530082,9.7864130823463,15.1388310491338,11.8004406502509,7.86645902024969,4.43129584959958
2009-03-12,38,"Thursday",0,0,0,1,0,0,0,0,0,0,0,0,0,0,3.63758615972639,14.5720715896306,13.0872930898097,9.09995390060435,15.0639773184822,14.2987202800285,9.72789130509155,15.3871642347142,11.6498200855068,8.23318677304631,5.33584071754497
2009-03-13,39,"Friday",0,0,0,0,1,0,0,0,0,0,0,0,0,0,3.66356164612965,14.6375418831413,12.7273141573575,8.87649389686193,15.3004389835288,14.4517943645614,9.82064857814548,15.6673063427781,12.1882777968809,8.64490396389188,4.34958692876845
2009-03-14,40,"Saturday",0,0,0,0,0,1,0,0,1,0,0,0,0,0,3.68887945411394,14.8500264816272,13.2552186213816,8.49769226889574,16.0470795488818,14.719623708424,9.90443383891199,15.2786676491561,12.0273801296801,8.05220228196501,3.35522281786862
2009-03-15,41,"Sunday",0,0,0,0,0,0,1,0,1,0,0,0,0,0,3.71357206670431,14.3659709462414,12.397197157746,8.33051724729153,15.5870998912964,14.4756909715469,9.94673036477259,14.9,11.3818601554628,7.71837266890924,4.66293904838325
2009-03-16,42,"Monday",1,0,0,0,0,0,0,0,1,0,0,0,0,0,3.73766961828337,14.5455814224226,13.06338404256,8.98373597802938,15.4936792096603,14.1145490519672,9.4356253986339,15.5694511285198,11.9762018366009,8.41345821848312,3.53101587756959
2009-03-17,43,"Tuesday",0,1,0,0,0,0,0,0,1,0,0,0,0,0,3.76120011569356,14.6712730055172,12.8875608654748,8.62159681595541,15.6795833685574,14.367394778394,9.82490374600339,15.003720162028,11.845875549024,7.71254242964228,3.83777754835217
2009-03-18,44,"Wednesday",0,0,1,0,0,0,0,0,0,0,0,0,0,0,3.78418963391826,14.5353743439638,12.6432262999463,8.71668008549945,16.0406102180895,15.8768864845468,10.019840769076,15.6178671804709,12.0436466601257,8.58205233872248,5.40267433196251
2009-03-19,45,"Thursday",0,0,0,1,0,0,0,0,0,0,0,0,0,1,3.80666248977032,14.3672956312082,12.5811137033893,8.25581152088375,16.4773701723206,15.2737650994847,9.96588033958329,15.96,12.5273268765536,8.62392208627296,4.5471546272626
2009-03-20,46,"Friday",0,0,0,0,1,0,0,0,0,0,0,0,0,1,3.8286413964891,14.4363687471648,12.8499797758829,8.56837524583724,16.1996789621641,15.6214968079584,10.3092362888497,15.62550702384,12.1770614552122,8.83534093155758,3.18790476818312
2009-03-21,47,"Saturday",0,0,0,0,0,1,0,0,0,0,0,0,0,1,3.85014760171006,14.5489096450401,12.7875162280831,8.83873424206638,16.1372377962986,14.3913650512135,10.1671077147111,15.3126012633666,11.8293108424499,8.2260219464559,3.78848689185616
2009-03-22,48,"Sunday",0,0,0,0,0,0,1,0,0,0,0,0,0,1,3.87120101090789,14.5981120623608,12.8389447199334,9.13323875415357,15.7106520673472,14.5610150410035,10.0478125216275,15.0121297530779,11.61914757802,7.82292849511116,5.55934162843922
2009-03-23,49,"Monday",1,0,0,0,0,0,0,0,0,0,0,0,0,1,3.89182029811063,14.5262175055512,12.9035009190009,8.79144697435772,16.0559699447078,14.5124668753332,10.1107374931375,15.1527478742092,11.9524582496719,8.22746185498273,4.43669424466069
2009-03-24,50,"Tuesday",0,1,0,0,0,0,0,0,0,0,0,0,0,1,3.91202300542815,14.7521001215469,13.0732641040861,8.82637752241928,15.3238448399399,14.5310587985747,9.43670025075941,15.1346733061377,11.7442787591661,8.26010838631842,4.16472705607997
2009-03-25,51,"Wednesday",0,0,1,0,0,0,0,0,0,0,0,0,0,1,3.93182563272433,14.5522868809697,12.5404805766406,8.04228257467278,15.0730911327497,14.2450873195113,9.8069430023093,15.0854104332879,11.5872866191488,7.91543958167357,4.72858566902586
2009-03-26,52,"Thursday",0,0,0,1,0,0,0,0,0,0,0,0,0,1,3.95124371858143,14.2922516053374,12.2778112261621,7.95135532717017,16.3153129872738,15.8808824490267,10.1537356073218,15.5016506810374,12.0814119263704,8.50368068947103,4.30900081820642
2009-03-27,53,"Friday",0,0,0,0,1,0,0,0,0,0,0,0,0,1,3.97029191355212,14.6884478530922,13.0866484286242,8.68600045032479,16.0653280928597,14.6658951925144,9.79385892601566,15.0921943746544,11.7243534083724,8.0621114293378,6.32049340648407
2009-03-28,54,"Saturday",0,0,0,0,0,1,0,0,0,0,0,0,0,1,3.98898404656427,14.4271919915452,13.0554028731247,8.77832590178889,16.1665911385088,14.8256989551362,10.49,15.5022430598039,11.9280263364205,8.64331817061422,3.9074879092072
2009-03-29,55,"Sunday",0,0,0,0,0,0,1,0,0,0,0,0,0,1,4.00733318523247,14.8862859872033,13.3396447898036,9.34272115993636,15.7900012738183,14.3637588908931,9.74637030003821,15.6957283013491,12.2509179750534,8.73609988328401,3.63069822067944
2009-03-30,56,"Monday",1,0,0,0,0,0,0,0,0,0,0,0,0,1,4.02535169073515,14.9257437946977,13.0287563310485,8.70596027122084,15.6340424643824,13.9632393229488,9.58684520768455,15.341414795375,11.7826895201121,8.28297812219087,3.52989414305963
2009-03-31,57,"Tuesday",0,1,0,0,0,0,0,0,0,0,0,0,0,1,4.04305126783455,14.3122539009371,12.5626828459473,9.04206214276781,15.5305403359439,14.2732089701678,10.1351004246683,15.0030553830511,11.4220044107148,8.18999041021504,5.55409040059084
2009-04-01,58,"Wednesday",0,0,1,0,0,0,0,0,0,0,0,0,0,1,4.06044301054642,14.1841129686216,12.1905775510682,7.97053963152367,15.7824535728095,15.1694920560365,10.0713015568282,15.9454728633364,12.5527827051228,8.39891297169314,3.35333759675603
2009-04-02,59,"Thursday",0,0,0,1,0,0,0,0,0,0,0,0,0,1,4.07753744390572,14.5967598760376,12.8757062631963,9.01112197667925,15.3648822192274,15.3572753153532,9.93298511807458,15.3728727640587,11.8571586144681,8.08569969002274,4.88748835206732
2009-04-03,60,"Friday",0,0,0,0,1,0,0,0,0,0,0,0,0,1,4.0943445622221,14.7029810819783,13.2453454433071,8.48493987011664,16.274835595326,15.5948972962674,10.18563167107,14.9180354913724,11.5031690828651,8.103535149714,5.25555707227906
2009-04-04,61,"Saturday",0,0,0,0,0,1,0,0,0,0,0,0,0,1,4.11087386417331,14.6418592696828,12.16,8.01158213872194,15.1891421004526,14.0591875328266,9.5068012050369,15.4741406082793,12.0323338848066,8.22844317835895,4.60503297903636
2009-04-05,62,"Sunday",0,0,0,0,0,0,1,0,0,0,0,0,0,1,4.12713438504509,14.7166866779097,13.3550465242808,8.859323697161,16.0804075967748,15.5690251435864,10.3494339989766,15.1137626037086,11.4427518154159,7.87752916914624,5.01593249735156
2009-04-06,63,"Monday",1,0,0,0,0,0,0,0,0,0,0,0,0,1,4.14313472639153,14.556724347613,12.6414556068186,8.71138741224002,15.9197764188981,14.5730405757482,9.77118020529747,15.5661499204197,11.9582408935595,8.28359954320524,2.64251906700501
2009-04-07,64,"Tuesday",0,1,0,0,0,0,0,0,0,0,0,0,0,0,4.15888308335967,14.5792649856179,13.0293205951018,8.9636864855937,15.7726570757914,15.2548947532065,9.60600202427305,15.6184701940116,12.1330991000578,8.35265491879818,3.99893596011076
2009-04-08,65,"Wednesday",0,0,1,0,0,0,0,0,0,0,0,0,0,0,4.17438726989564,14.415694482195,12.7817906848411,8.46240407223138,15.7685264529157,15.0873854171695,9.92056824459081,15.6275829520029,12.2927713385826,8.24048957607305,4.4653606973765
2009-04-09,66,"Thursday",0,0,0,1,0,0,0,0,0,0,0,0,0,0,4.18965474202643,14.5115629147565,12.8072696024749,8.9755130743584,15.3922064376498,14.5631368000116,9.61454244133501,15.2498373687269,11.9680378819666,8.24957449728475,2.65368883374135
2009-04-10,67,"Friday",0,0,0,0,1,0,0,0,0,0,0,0,0,0,4.20469261939097,14.2712056357688,12.8242454871994,8.3928596783308,15.5581618509649,13.783070645054,9.70552077923344,15.8558581890791,12.231561703003,8.6345797920333,3.59620717629209
2009-04-11,68,"Saturday",0,0,0,0,0,1,0,0,0,0,0,0,0,0,4.21950770517611,14.8650743950153,13.1314166108092,8.86763004289503,15.310378934699,14.6713866353577,9.67936946824207,15.6264990283268,11.7541001785295,8.19065924488748,4.41670294522073
2009-04-12,69,"Sunday",0,0,0,0,0,0,1,0,0,0,0,0,0,0,4.23410650459726,14.7283189898738,13.3262214798422,8.91795158983808,15.7383761427128,15.134769592698,9.66219480384798,15.1975357982527,11.662599703961,8.32400153591978,2.77780527505559
2009-04-13,70,"Monday",1,0,0,0,0,0,0,0,0,0,0,0,0,0,4.24849524204936,14.9773960113902,13.1272289931759,8.8655176861675,15.5901948805496,14.5965060787086,9.58839854497214,15.3783929518563,11.7442029301158,8.2201030646066,5.5097848141738
2009-04-14,71,"Tuesday",0,1,0,0,0,0,0,0,0,0,0,0,0,0,4.26267987704132,14.4709239078379,12.4581451749197,8.51551859263582,15.4852149067843,14.2924722977094,9.80834133236143,15.2275037794632,11.546617465764,8.11084785706159,3.91700582841108
2009-04-15,72,"Wednesday",0,0,1,0,0,0,0,0,0,0,0,0,0,0,4.27666611901606,14.2652333815617,12.3259513161784,8.19896836143579,15.2761279302667,14.9514066195997,9.84663717552804,15.3591504264272,11.7561378441937,8.15660878950365,5.39759605654098
2009-04-16,73,"Thursday",0,0,0,1,0,0,0,0,0,0,0,0,0,0,4.29045944114839,14.64740624794,13.0186092090857,9.13179871000448,15.8945599953075,14.738958302167,9.9104759798176,15.5518442253844,12.3613604712773,8.2358080806437,4.34888642280451
2009-04-17,74,"Friday",0,0,0,0,1,0,0,0,0,0,0,0,0,0,4.30406509320417,14.4202225364561,12.9063278916547,8.59252939527248,15.5508310856891,14.5872484083262,10.2587333141419,15.3203727377864,11.791125913268,8.16831297897759,4.92861099257903
2009-04-18,75,"Saturday",0,0,0,0,0,1,0,0,0,0,0,0,0,0,4.31748811353631,14.2028965154284,12.4001520246654,8.24345284686918,15.9430556154883,14.9382248116805,9.79804540212116,15.4763301080993,12.1521462589284,8.30285396203098,4.12021908094996
2009-04-19,76,"Sunday",0,0,0,0,0,0,1,0,0,0,0,0,0,0,4.33073334028633,14.6398248004527,13.0801679640663,8.98688561792393,15.1343351299377,14.1657235096681,9.85087522990843,15.5417595105857,11.9853037403602,8.19403298819379,3.15875106591371
2009-04-20,77,"Monday",1,0,0,0,0,0,0,0,0,0,0,0,0,0,4.34380542185368,14.7493945284477,13.6838640512027,9.16567676726156,16.3492125105506,15.4461200473877,10.1393582591279,15.2374461201367,11.5167550667799,7.88304318845089,4.14595876138929
2009-04-21,78,"Tuesday",0,1,0,0,0,0,0,0,0,0,0,0,0,0,4.35670882668959,14.4429658146774,12.7208237240196,8.99566259897892,15.6336315559441,15.3088588874219,9.84225082981742,15.7509693423316,12.3461728432332,8.4884451749455,5.55870086592997
2009-04-22,79,"Wednesday",0,0,1,0,0,0,0,0,0,0,0,0,0,0,4.36944785246702,14.6011045391123,13.0503323386835,8.91873785157968,16.3350242482519,15.3198537958684,10.115508268467,15.4888782288082,12.154795347015,8.55364054887059,4.83959973081038
2009-04-23,80,"Thursday",0,0,0,1,0,0,0,0,0,0,0,0,0,0,4.38202663467388,14.3608643927079,12.6385360150072,8.62231632567862,14.99,13.9145326475512,9.7448177159497,15.6134773170255,12.2985975553421,8.47264998281431,4.01162812441537
2009-04-24,81,"Friday",0,0,0,0,1,0,0,0,0,0,0,0,0,0,4.39444915467244,14.3781691030756,12.7108311963942,8.74946368134166,15.9947303628,14.7804172989991,10.4693560086526,15.3431198900098,11.6531025809084,7.88853231578498,5.15579794298593
2009-04-25,82,"Saturday",0,0,0,0,0,1,0,0,0,0,0,0,0,0,4.40671924726425,14.5001079968322,12.7855421028007,8.58141770997258,15.4353604358357,13.6857380561244,9.91492817265489,15.8562446805243,12.4090189875087,8.64780065595785,3.41421455679991
2009-04-26,83,"Sunday",0,0,0,0,0,0,1,0,0,0,0,0,0,0,4.4188406077966,14.7986050854148,13.0870975535514,8.88210427722268,15.1793413380604,14.1598842931413,10.053168542642,15.1261428987924,11.5412680006533,7.94668128841396,5.16235656190713
2009-04-27,84,"Monday",1,0,0,0,0,0,0,0,0,0,0,0,0,0,4.43081679884331,14.1624507706742,12.4672630148327,8.44040430944855,15.328643149387,13.9868076689415,9.80496911363239,15.2300074005487,11.9664507682505,7.95036212797968,4.06955185658248
2009-04-28,85,"Tuesday",0,1,0,0,0,0,0,0,0,0,0,0,0,0,4.44265125649032,14.7558886949284,13.1733913855945,8.75913394137852,15.3686786010987,13.6904992010888,9.63941559872467,15.2305238367922,11.7485607649567,8.02321136594012,5.37883846543094
2009-04-29,86,"Wednesday",0,0,1,0,0,0,0,0,0,0,0,0,0,0,4.45434729625351,14.3431196439992,12.2027832363331,8.50726070627546,15.6845607125222,15.59615392349,10.1418188178373,14.9,11.3098486403202,7.83600223419573,4.04540673314831
2009-04-30,87,"Thursday",0,0,0,1,0,0,0,0,0,0,0,0,0,0,4.46590811865458,14.806020153952,13.1684663558448,8.94415150544193,15.7408823097044,14.0976819861385,10.1574943320466,15.3860887381569,11.856792014154,8.19756778429475,3.69200335599595
2009-05-01,88,"Friday",0,0,0,0,1,0,0,0,0,0,0,0,0,0,4.47733681447821,14.317860609179,12.4306492263295,8.64381852171483,15.3508679417283,14.6295732977408,9.82053060275047,15.1060964801946,11.4175784397915,8.14568012296272,2.20484041797541
2009-05-02,89,"Saturday",0,0,0,0,0,1,0,0,0,1,0,0,0,0,4.48863636973214,14.5280844021571,12.7872008118744,9.00978637254484,15.4404246847576,14.6418732198014,9.77670537390795,15.708985441021,12.008672332606,8.42822595830907,6.91240771686834
2009-05-03,90,"Sunday",0,0,0,0,0,0,1,0,0,1,0,0,0,0,4.49980967033027,14.5613212632428,12.7951056021885,8.64085027967302,15.7019715305128,14.9168038323428,9.98947410894748,15.2132590507407,11.9099930290024,8.31730348028917,3.65614474678906
2009-05-04,91,"Monday",1,0,0,0,0,0,0,0,0,0,0,0,0,0,4.51085950651685,14.3928086061323,12.702851197875,8.64049634751774,15.8956838355464,15.6108762194567,10.0601876221932,15.5394897073926,12.1470612667137,8.54678346632982,4.45618585249905
2009-05-05,92,"Tuesday",0,1,0,0,0,0,0,0,0,0,0,0,0,0,4.52178857704904,14.9506419348096,13.5277654902032,9.16369089106019,15.6547984110804,15.6068715123388,10.05583285364,15.0674881808536,11.582737050554,8.22199346673819,4.55971166384531
2009-05-06,93,"Wednesday",0,0,1,0,0,0,0,0,0,0,0,0,0,0,4.53259949315326,14.72218871828,12.8985530808233,8.84545071905538,15.2854993413664,13.961614383163,9.91243872133627,15.231247436737,12.0263801006272,8.31837215054218,4.39460312001633
2009-05-07,94,"Thursday",0,0,0,1,0,0,0,0,0,0,0,0,0,0,4.54329478227,14.489582035706,12.4109402345829,8.49909157289538,15.4070465125103,14.2037452042738,9.646422856008,15.481106277171,12.1985380443398,8.1851601315295,5.3071936467238
2009-05-08,95,"Friday",0,0,0,0,1,0,0,0,0,0,0,0,0,0,4.55387689160054,14.7621371668305,12.7769033569922,8.67281004858182,15.0132676756659,13.7672920458411,9.85424562324181,15.3439676018415,11.8284329524175,8.30797099792395,4.81472655990482
2009-05-09,96,"Saturday",0,0,0,0,0,1,0,0,0,0,0,0,0,0,4.56434819146784,14.6640072613865,12.9354655165549,8.66003025565782,15.5275222216868,14.0771548334387,9.82950575882363,15.5533087579752,12.0987397820899,8.41074226366278,4.95271049025973
2009-05-10,97,"Sunday",0,0,0,0,0,0,1,0,0,0,0,0,0,0,4.57471097850338,14.4455641366314,13.1563076707945,8.7765806409192,16.65,15.5084777215716,10.49,15.2304889246846,11.9810494432688,8.24071822420038,2.79835463215583
2009-05-11,98,"Monday",1,0,0,0,0,0,0,0,0,0,0,0,0,0,4.58496747867057,14.3586570353261,12.5274650126185,8.29527574894048,15.8586391755754,14.6778049574046,10.0296074813315,15.4196421868765,12.194767487136,8.22399207585688,4.25697258553243
2009-05-12,99,"Tuesday",0,1,0,0,0,0,0,0,0,0,0,0,0,0,4.59511985013459,14.2198176007537,12.5256393066972,8.55900698513848,15.0442342850715,14.2340825478833,9.80815774610035,15.6287760949986,12.0470886083524,8.22605187849532,3.54883755992311
2009-05-13,100,"Wednesday",0,0,1,0,0,0,0,0,0,0,0,0,0,0,4.60517018598809,14.5234956844992,13.0064756130719,8.69088919071083,15.157500153826,14.5318496160608,9.70381538701589,15.2595774285305,11.7271515901951,8.19561530784909,4.1039759882726
2009-05-14,101,"Thursday",0,0,0,1,0,0,0,0,0,0,0,0,0,0,4.61512051684126,14.3261724963048,12.4279849528034,8.16560174008126,15.8912834241,15.2395352811026,10.1045015680324,15.4619414856619,11.8573036374359,8.15535730215667,3.25063088455515
2009-05-15,102,"Friday",0,0,0,0,1,0,0,0,0,0,0,0,0,0,4.62497281328427,14.7065365512972,13.2761341942611,8.78412216611446,15.8730447614665,14.9196964192285,9.95788037276947,15.4413464348263,11.980626537862,8.38781213785209,4.74757648797046
2009-05-16,103,"Saturday",0,0,0,0,0,1,0,0,0,0,0,0,0,0,4.63472898822964,14.310463201513,12.6062359882281,8.50558597961369,15.2470285057481,14.3745970315353,9.99779617084944,15.4188295933562,11.9734758631813,8.09737050440723,4.5419231057429
2009-05-17,104,"Sunday",0,0,0,0,0,0,1,0,0,0,0,0,0,0,4.64439089914137,14.3637546710177,12.2958722222934,8.42652187442717,15.7141751287654,14.3467586724108,9.89550504021646,15.3025554170637,11.9020835878349,8.08898361331022,3.75497016009956
2009-05-18,105,"Monday",1,0,0,0,0,0,0,0,0,0,0,0,0,0,4.65396035015752,14.2486694845945,12.3609783604774,8.51617997346007,15.0998306705627,14.381867457164,9.68597739711022,15.3891782012659,11.6557034332872,8.03341934477967,4.46102743507507
2009-05-19,106,"Tuesday",0,1,0,0,0,0,0,0,0,0,0,0,0,0,4.66343909411207,14.7977739190433,12.8873503646591,8.98374993189339,15.7619111580684,15.7220420943476,10.1660424207819,15.4444194809621,12.0310876237765,8.19575085845122,4.15570439576776
2009-05-20,107,"Wednesday",0,0,1,0,0,0,0,0,0,0,0,0,0,0,4.67282883446191,14.8527141770417,13.3533363809578,8.73976276026684,15.7897817190493,15.198450097533,10.05062319853,15.5718284353631,12.0143791374772,8.33181805493922,3.87271010441662
2009-05-21,108,"Thursday",0,0,0,1,0,0,0,0,0,0,0,0,0,0,4.68213122712422,14.6307014868595,12.7307431973248,8.69971402294975,16.0160528166537,15.6817700818121,10.2309285475118,15.2728097507375,11.7962585747567,8.57910692432932,6.38832719221743
2009-05-22,109,"Friday",0,0,0,0,1,0,0,0,0,0,0,0,0,0,4.69134788222914,14.5292064716388,12.6592565490402,8.59818321801956,15.8035094418173,14.7282317190035,9.76016178366874,15.1950027516385,11.7885566037816,8.27492173861554,4.85227029867438
2009-05-23,110,"Saturday",0,0,0,0,0,1,0,0,0,0,1,0,0,0,4.70048036579242,14.8626281188456,13.0286515845702,8.8255243256883,15.0651391221656,14.5333260560545,9.81018940878111,15.2353754686694,11.8041404231642,8.05607461078992,3.642651925099
2009-05-24,111,"Sunday",0,0,0,0,0,0,1,0,0,0,1,0,0,0,4.70953020131233,14.3196699931289,12.4476232845817,8.26213927490503,15.5987147729773,14.7079898314865,9.43048307464774,15.2803605376366,11.7300942652367,8.2469809633311,3.73596177393573
2009-05-25,112,"Monday",1,0,0,0,0,0,0,0,0,0,1,0,0,0,4.71849887129509,14.5329045135361,12.9888040532382,8.57315963863637,15.3467193993518,14.8054676666499,9.68994559254284,15.1543980541493,11.8124624579418,8.18814282668737,5.16837721863981
2009-05-26,113,"Tuesday",0,1,0,0,0,0,0,0,0,0,0,0,0,0,4.72738781871234,14.7764539067883,12.9821982727699,9.03720035294615,15.9308921485556,14.9381707628085,10.0605480441528,15.1722851280027,11.7373624258897,8.17253928260683,3.40683684607639
2009-05-27,114,"Wednesday",0,0,1,0,0,0,0,0,0,0,0,0,0,0,4.7361984483945,14.4124408615914,12.7280460608449,8.42960428434319,16.1264712469266,15.6244439079024,9.97353394366086,15.523125434991,12.2503399182334,8.06190560233637,3.02054214283656
2009-05-28,115,"Thursday",0,0,0,1,0,0,0,0,0,0,0,0,0,0,4.74493212836325,14.7818195313653,13.6511250439748,9.10195336293935,16.1442690038475,15.1119073409303,10.0047860263483,15.2820094692484,11.8551155038545,8.32132502870123,3.94616034367333
2009-05-29,116,"Friday",0,0,0,0,1,0,0,0,0,0,0,0,0,0,4.75359019110636,14.4713376351298,12.7894099548566,8.49348818668572,15.1993472568751,14.6451061634037,10.1504082358519,14.9973733440539,11.5061240991883,8.08392756327439,5.18137478351449
2009-05-30,117,"Saturday",0,0,0,0,0,1,0,0,0,0,0,0,0,0,4.76217393479776,14.3265090574654,12.4362448022434,8.57345983213861,15.7323195364375,15.361264697922,10.0497207303166,15.3785142786274,12.0225859922043,8.25976502369456,3.72131120194278
2009-05-31,118,"Sunday",0,0,0,0,0,0,1,0,0,0,0,0,0,0,4.77068462446567,14.5297491165231,12.9380492671313,8.66422143014523,15.6338132439132,15.351702415536,9.99567012013224,15.323967981583,11.8522214280226,8.19429190428877,5.12571501290488
2009-06-01,119,"Monday",1,0,0,0,0,0,0,0,0,0,0,0,0,0,4.77912349311153,14.6334163767846,13.0017225331859,9.03846995828067,15.4827623367156,14.6105834771641,10.0601136263742,15.4262194274347,11.7526888542482,8.23969645913571,5.1593869077325
2009-06-02,120,"Tuesday",0,1,0,0,0,0,0,0,0,0,0,0,0,0,4.78749174278205,14.4476591364811,12.7392920250935,8.79144737588591,15.0989385595856,14.3418373221336,9.75900316565058,15.6248122704991,12.18186852634,8.44575134709163,4.29588464209088
2009-06-03,121,"Wednesday",0,0,1,0,0,0,0,0,0,0,0,0,0,0,4.79579054559674,14.3416784104011,12.4341930716154,8.20907102404434,15.9499544733422,15.2974723166479,10.1519220699722,15.6960704846359,12.0792514608856,8.75226422663755,4.96001931219617
2009-06-04,122,"Thursday",0,0,0,1,0,0,0,0,0,0,0,0,0,0,4.80402104473326,14.8533018332812,13.1845739017785,8.97944953557077,15.3509954040032,14.9513923040177,9.76512921361153,15.2428922133691,11.9510070985083,8.14517961647706,5.47113590330874
2009-06-05,123,"Friday",0,0,0,0,1,0,0,0,0,0,0,0,0,0,4.81218435537242,14.6987567156438,13.4812803423207,9.19289104161499,16.1059359521961,15.6407907392874,10.1330068541889,15.0525417800991,11.5086875831021,7.90534276997808,3.884015006441
2009-06-06,124,"Saturday",0,0,0,0,0,1,0,0,0,0,0,0,0,0,4.82028156560504,14.3847323286305,12.4920185832867,8.47439785173893,15.0558970397343,14.3296026874429,9.9383306409499,15.1806796128877,11.6204023395796,8.1827934356118,3.95366471701874
2009-06-07,125,"Sunday",0,0,0,0,0,0,1,0,0,0,0,0,0,0,4.8283137373023,14.6433498920846,13.1574207735174,8.71316133828087,15.0782163194258,14.154001200279,9.78028219521991,15.764673876913,12.022962083588,8.38929814190002,5.61829897650403
2009-06-08,126,"Monday",1,0,0,0,0,0,0,0,0,0,0,0,0,0,4.83628190695148,14.674015143402,12.9674498697496,8.88263256441256,15.8723663817103,14.7288832798563,10.2567823061596,15.6749293107251,12.0975407590977,8.59837294455564,4.57275223979025
2009-06-09,127,"Tuesday",0,1,0,0,0,0,0,0,0,0,0,0,0,0,4.84418708645859,14.6283521081268,13.1800534251406,8.94051573553974,15.3590850151014,14.3813763885701,9.83556609105205,15.8573203603174,12.4073572567575,8.52748088295914,4.21708352515118
2009-06-10,128,"Wednesday",0,0,1,0,0,0,0,0,0,0,0,0,0,0,4.85203026391962,14.7270490236127,13.2796441641986,8.53121203536509,15.939287572872,15.2252138256808,9.906538160736,15.2353790744393,11.7325762598162,8.27628762442585,4.47883536580484
2009-06-11,129,"Thursday",0,0,0,1,0,0,0,0,0,0,0,0,0,0,4.85981240436167,14.4901621957945,12.8951545188448,8.32332065460953,15.0367776076391,13.7443029455275,9.77167057555126,15.4996728410782,11.9453324937496,8.63646041217296,3.63427327998427
2009-06-12,130,"Friday",0,0,0,0,1,0,0,0,0,0,0,0,0,0,4.86753445045558,14.4371303242863,12.7800883338792,8.82157892008601,15.8147539836282,14.0551085623641,9.65901980962221,15.0345164634954,11.7978060465561,7.87136066367847,6.08442694019901
2009-06-13,131,"Saturday",0,0,0,0,0,1,0,0,0,0,0,0,0,0,4.87519732320115,14.6028864848883,13.0263255357706,8.807553665134,16.0454557887389,15.3460249428837,9.85263293212874,15.4577057775374,11.7951992228899,8.17120276190017,5.22793455615767
2009-06-14,132,"Sunday",0,0,0,0,0,0,1,0,0,0,0,0,0,0,4.88280192258637,14.2876963669294,12.3819244898263,8.359412135067,15.2717651338176,14.8476507859317,9.93271314560804,15.8320015624981,12.1469022454084,8.50341107945938,3.63991122141219
2009-06-15,133,"Monday",1,0,0,0,0,0,0,0,0,0,0,0,0,0,4.89034912822175,14.4815097400045,12.5753367215802,8.8884461514324,15.0625601119757,14.8659689426598,10.1475876774134,15.4339872256296,11.8233744240145,7.98796194712432,4.04488943007074
2009-06-16,134,"Tuesday",0,1,0,0,0,0,0,0,0,0,0,0,0,0,4.89783979995091,14.1485023134341,12.4828340325998,8.60883191277031,14.99,13.9129563194569,9.44265456671705,15.3089192231489,11.9306202992111,8.47394310134251,1.86656418331691
2009-06-17,135,"Wednesday",0,0,1,0,0,0,0,0,0,0,0,0,0,0,4.90527477843843,14.5722205486946,12.8817516064256,8.8897394580583,15.5262720092824,15.2529532094335,10.0895535113866,15.2049080297328,11.6881930127298,8.10264900717162,4.40416389019744
2009-06-18,136,"Thursday",0,0,0,1,0,0,0,0,0,0,0,0,0,0,4.91265488573605,14.1697601818109,12.4401459908176,8.27681312673396,16.0078420314231,15.23234151776,10.1974592982828,15.6016223117284,12.261397495723,8.88986133276946,4.47770348627039
2009-06-19,137,"Friday",0,0,0,0,1,0,0,0,0,0,0,0,0,0,4.91998092582813,14.5648918111715,13.0920625034066,8.86414742612912,15.3925706639213,15.316654797153,9.91847888381232,15.3221917624227,11.8239811397918,7.9555401192871,4.95791978138008
2009-06-20,138,"Saturday",0,0,0,0,0,1,0,0,0,0,0,0,0,0,4.92725368515721,14.2475274996357,12.2960081179009,8.47276158623077,15.391000687724,15.3907420498595,9.73244374076625,15.6962203675676,12.1604054559303,8.62452920949737,3.75309510380631
2009-06-21,139,"Sunday",0,0,0,0,0,0,1,0,0,0,0,0,0,0,4.93447393313069,14.3139304456293,12.4862992511814,8.41397597508752,15.8846580353004,15.8999578483393,10.0733162941017,15.3015067865674,11.9141269841729,8.46530189108977,4.60083914441361
2009-06-22,140,"Monday",1,0,0,0,0,0,0,0,0,0,0,0,0,0,4.9416424226093,14.658354252401,13.173814257554,8.70334271626682,15.5728058855163,13.9271424357446,9.86279100840344,15.0088220480663,11.8178632381336,8.1842548304335,3.47678870576633
2009-06-23,141,"Tuesday",0,1,0,0,0,0,0,0,0,0,0,0,0,0,4.94875989037817,14.1528934591284,12.5277746652584,8.21644648777771,15.1874709838047,14.4693128255399,9.77119182751214,15.357375068369,11.7719657507417,8.46167560626177,5.33186942434904
2009-06-24,142,"Wednesday",0,0,1,0,0,0,0,0,0,0,0,0,0,0,4.95582705760126,14.8447061483459,13.0627151498632,8.43440040156753,16.001754543898,15.1689699676828,9.85062533638026,15.7298843037095,12.4624133042514,8.91909483895775,4.67634827282836
2009-06-25,143,"Thursday",0,0,0,1,0,0,0,0,0,0,0,0,0,0,4.96284463025991,14.2187236039481,12.6186658845323,8.31160639037745,15.2588175509339,14.2637796471764,9.84442580268585,15.3713561419334,11.9109067720227,8.44498394558213,4.64773319365197
2009-06-26,144,"Friday",0,0,0,0,1,0,0,0,0,0,0,0,0,0,4.969813299576,14.5434915676086,12.8245714934931,7.94666351386253,15.5384429397445,15.024841578184,9.7145588367954,15.1253832107001,11.5474338429799,8.10096591390744,5.00794185875932
2009-06-27,145,"Saturday",0,0,0,0,0,1,0,0,0,0,0,0,0,0,4.97673374242057,14.3539778638249,12.9718130389704,9.10118159360903,15.4528932910641,15.2082878172026,9.87708727543329,15.2239961276667,12.014639062777,8.05555344506258,6.02645341315459
2009-06-28,146,"Sunday",0,0,0,0,0,0,1,0,0,0,0,0,0,0,4.98360662170834,14.5351204492034,13.1847141492083,8.83083093108311,15.2571787595198,14.2175879323444,9.95996221737728,15.1515933437388,11.7979876768729,8.00743919231489,2.9293905064799
2009-06-29,147,"Monday",1,0,0,0,0,0,0,0,0,0,0,0,0,0,4.99043258677874,15.034123243802,13.4049443004172,9.21995624330295,16.0079528142745,15.0009079802005,10.116980595643,15.4298587302165,12.1249087337469,8.53413120698407,3.46578409554153
2009-06-30,148,"Tuesday",0,1,0,0,0,0,0,0,0,0,0,0,0,0,4.99721227376411,14.5417306074097,12.8348498346596,8.60822976066651,15.8063600174052,14.5778304093694,10.3759454327743,14.9949370170322,11.28,8.06034726657826,4.68999160768148
2009-07-01,149,"Wednesday",0,0,1,0,0,0,0,0,0,0,0,0,0,0,5.00394630594546,14.1482140625897,12.2512352677756,8.14564882276399,15.7699610776078,14.2120096498823,9.99052694914973,15.4370472850187,11.6097768247757,7.90407272433055,5.50494713689283
2009-07-02,150,"Thursday",0,0,0,1,0,0,0,0,0,0,0,0,0,0,5.01063529409626,14.11,12.1901721837289,8.08538191377806,15.3467899604774,14.1057596141307,9.89817525678069,15.647393718368,12.3177531004574,8.38829714957784,4.00301191459764
2009-07-03,151,"Friday",0,0,0,0,1,0,0,0,0,0,0,1,0,0,5.01727983681492,14.5328483565237,12.6485787802359,8.61842163241103,15.7337222946778,15.3610221805749,9.92164940593408,15.3383098161391,11.8985682705253,8.48193925562256,4.68566343288192
2009-07-04,152,"Saturday",0,0,0,0,0,1,0,0,0,0,0,1,0,0,5.02388052084628,14.5230153590964,12.7408476555903,8.40160204023043,15.7915636294396,14.6359524625581,9.96185271761936,15.3581059471232,11.8750066532023,7.80287960718017,6.89183227983167
2009-07-05,153,"Sunday",0,0,0,0,0,0,1,0,0,0,0,1,0,0,5.03043792139244,14.6070636276477,13.1143569096695,8.58121976138932,16.0557190348745,15.1611356883487,10.0255045726002,15.7521278667496,12.4523338207736,8.46084597162911,4.33440147529649
2009-07-06,154,"Monday",1,0,0,0,0,0,0,0,0,0,0,0,0,0,5.03695260241363,14.3729961006583,12.7355904993812,8.41156911898313,15.6671989649955,14.3598758473868,9.82732984413277,15.7524825363683,12.0766406329671,8.33816834054598,4.69776858367447
2009-07-07,155,"Tuesday",0,1,0,0,0,0,0,0,0,0,0,0,0,0,5.04342511691925,14.2222948383926,12.5880288218228,8.40908141626782,15.6774712515285,15.6879689335792,9.78907510837383,15.3330267525369,11.7726747457336,7.99085640937258,3.63461471544732
2009-07-08,156,"Wednesday",0,0,1,0,0,0,0,0,0,0,0,0,0,0,5.04985600724954,14.4670290429552,13.1008798659452,8.68110874690787,15.1637480774864,13.8235110377878,9.92297250756214,15.2518485335595,11.9858192706453,8.16048831600875,4.45796769765091
2009-07-09,157,"Thursday",0,0,0,1,0,0,0,0,0,0,0,0,0,0,5.05624580534831,14.7378248382279,12.9976236970108,8.84259432623502,15.9052406287129,15.3674078946409,9.84466083247304,15.5661752135415,12.1206373961563,8.37440017673431,3.97530380729138
2009-07-10,158,"Friday",0,0,0,0,1,0,0,0,0,0,0,0,0,0,5.06259503302697,14.5356545250758,13.0519063725297,8.55516041844828,15.6409692295172,14.8708316989434,10.054692699636,15.7019054007818,12.2198271295738,8.64676118243948,3.26597598876763
2009-07-11,159,"Saturday",0,0,0,0,0,1,0,0,0,0,0,0,0,0,5.06890420222023,14.1975628002637,12.4088645127577,8.14747516210753,16.047828184309,14.8365111240433,10.0662375057911,15.5143085038392,11.9549426793718,8.58719890032429,4.48559756483086
2009-07-12,160,"Sunday",0,0,0,0,0,0,1,0,0,0,0,0,0,0,5.07517381523383,14.9242364739086,13.2005084512496,9.1409682758213,15.863586327877,14.9962557033253,10.0971067327867,15.3406002097834,11.6846755866299,7.71409132062492,3.2025159347377
2009-07-13,161,"Monday",1,0,0,0,0,0,0,0,0,0,0,0,0,0,5.08140436498446,14.7641750821941,13.4029044157676,9.23275178955624,15.4493849777996,15.3135182761293,9.61317170642279,15.4734102910077,12.0856977237367,8.44153729613913,3.36185777911445
2009-07-14,162,"Tuesday",0,1,0,0,0,0,0,0,0,0,0,0,0,0,5.08759633523238,14.4558277953138,12.6721336899905,8.42753855907091,16.028296833619,14.6632642331214,9.75039909218758,15.3965803410413,11.8332339417337,8.0877872410319,4.52498505855686
2009-07-15,163,"Wednesday",0,0,1,0,0,0,0,0,0,0,0,0,0,0,5.09375020080676,14.6235954493874,12.7732894738244,9.08527802774147,15.3601994297449,14.6441808750792,9.81875267504319,15.3898294413389,11.8115715965923,8.10910962380107,6.29907506745875
2009-07-16,164,"Thursday",0,0,0,1,0,0,0,0,0,0,0,0,0,0,5.0998664278242,14.6548688810652,12.8630410561441,8.91284899743997,15.8424122656441,14.8335290262892,10.0737618520079,15.5510854679834,12.1925669579024,8.09660069265917,4.26674662548779
2009-07-17,165,"Friday",0,0,0,0,1,0,0,0,0,0,0,0,0,0,5.10594547390058,14.2683080660202,12.3659564867775,8.4219180666427,15.9859409231637,14.1998133109941,9.7890190504592,15.4280168095463,12.0698919300714,7.95524720105326,3.75657465708524
2009-07-18,166,"Saturday",0,0,0,0,0,1,0,0,0,0,0,0,0,0,5.11198778835654,15.0571905517187,13.3629050360064,9.0505618893135,15.8309036331143,14.483496971784,9.73700055023347,15.0431858767848,11.6756063106654,7.90905121548607,4.6181856320168
2009-07-19,167,"Sunday",0,0,0,0,0,0,1,0,0,0,0,0,0,0,5.11799381241676,14.4983740608806,12.8714068135761,8.72460121526269,16.4195753934167,15.6637001354579,10.3615957759941,15.4554228705118,12.1023842465054,8.10282224824152,4.30174351570869
2009-07-20,168,"Monday",1,0,0,0,0,0,0,0,0,0,0,0,0,0,5.12396397940326,14.11,12.16,8.18140689238928,15.2479067682899,14.0288407723597,9.38722608997099,15.2519267912509,11.6177149643819,8.33762437317583,3.80136260881165
2009-07-21,169,"Tuesday",0,1,0,0,0,0,0,0,0,0,0,0,0,0,5.12989871492307,14.4791894632303,12.7154518524024,8.50502542580807,15.8998012731259,14.0122575819253,9.96590078041792,15.665529230761,12.0528343478074,8.29417875675428,3.44710831778694
2009-07-22,170,"Wednesday",0,0,1,0,0,0,0,0,0,0,0,0,0,0,5.13579843705026,14.721008558596,13.137390625531,8.42417834981347,16.0358045296429,15.2543743996824,10.0787944017181,15.0207768984268,11.7147433803368,7.81839377859793,5.13693105393088
2009-07-23,171,"Thursday",0,0,0,1,0,0,0,0,0,0,0,0,0,0,5.14166355650266,14.9230876053711,12.9772749060748,8.97579452567695,15.5557238370753,15.0703133006455,10.185621606411,15.6315941653264,12.3813802038122,8.39316321406606,2.62204010548936
2009-07-24,172,"Friday",0,0,0,0,1,0,0,0,0,0,0,0,0,0,5.14749447681345,14.7954733234125,13.48576227902,8.84953696613296,15.4298542210873,15.2314540831459,9.90028120971605,15.6469225773205,12.3552132869822,8.54356411681699,3.74576011110972
2009-07-25,173,"Saturday",0,0,0,0,0,1,0,0,0,0,0,0,0,0,5.15329159449778,14.7865123848428,13.3865653062742,9.04258524757733,15.5922926986179,14.8817304826338,9.8304964522508,15.7632368329694,12.4203779499227,8.47128532325412,2.6263041588449
2009-07-26,174,"Sunday",0,0,0,0,0,0,1,0,0,0,0,0,0,0,5.15905529921453,14.4211105086242,12.6331981341035,8.78091754190914,15.2959928425372,14.7173951566613,10.0428466880281,15.4935989883937,12.0223225739566,8.42901510892702,3.74836877108739
2009-07-27,175,"Monday",1,0,0,0,0,0,0,0,0,0,0,0,0,0,5.16478597392351,14.2887968260874,12.221735024562,8.14916767382497,15.184072502238,14.4553310145599,9.6201176431969,15.1492534990325,11.6474104071984,8.16602106465183,3.62786084940095
2009-07-28,176,"Tuesday",0,1,0,0,0,0,0,0,0,0,0,0,0,0,5.17048399503815,14.4191502836609,12.5752767585789,8.66011863213157,15.7158148770651,14.7478875874466,9.60978339382356,15.0812829067994,11.4697533617671,7.79923164143831,4.13429444907173
2009-07-29,177,"Wednesday",0,0,1,0,0,0,0,0,0,0,0,0,0,0,5.17614973257383,14.6369880184446,12.8008329096945,8.7239833243131,15.6697926939385,14.8039725032285,9.75010265578723,15.3533044862762,12.0570793887569,7.88058996849443,5.06723909783826
2009-07-30,178,"Thursday",0,0,0,1,0,0,0,0,0,0,0,0,0,0,5.18178355029209,14.8901437056805,12.9361733548911,8.80484051596816,15.8896103482752,14.4338892065996,9.76469786639851,15.53950566612,12.0522363305572,8.69731804125892,4.75267378889091
2009-07-31,179,"Friday",0,0,0,0,1,0,0,0,0,0,0,0,0,0,5.18738580584075,14.823255557794,13.1862681591156,8.8204436378567,15.6550746800387,15.0916657443108,10.0529209598408,15.0579473524626,11.6687743420504,8.32281001281632,3.52569843981171
2009-08-01,180,"Saturday",0,0,0,0,0,1,0,0,0,0,0,0,0,0,5.19295685089021,14.703788560371,12.955679814593,9.23987979964386,15.3811123324315,13.7717920428646,9.86816381780183,15.0741190254706,11.6062932882902,8.22202283022741,3.79146253890714
2009-08-02,181,"Sunday",0,0,0,0,0,0,1,0,0,0,0,0,0,0,5.19849703126583,14.1345180890468,12.16,7.84405273578111,15.3763360542107,14.4448718559683,9.60412087839092,15.7531836916302,12.4301308893834,8.470123949907,3.48811363965363
2009-08-03,182,"Monday",1,0,0,0,0,0,0,0,0,0,0,0,0,0,5.2040066870768,14.7999119162092,13.1519120180612,8.83706043611048,15.5342234515756,14.2332477748234,9.69598038543947,15.4703037730095,11.8939935309337,8.45295888667008,3.50580731763322
2009-08-04,183,"Tuesday",0,1,0,0,0,0,0,0,0,0,0,0,0,0,5.20948615284142,14.5186860450268,12.761378199209,8.80782991874488,15.4042352521508,14.9465365599914,9.90756578628889,15.514957186225,12.1757411346919,8.31672784412347,5.000926504116
2009-08-05,184,"Wednesday",0,0,1,0,0,0,0,0,0,0,0,0,0,0,5.21493575760899,14.3012420989767,12.9516031811708,9.00452932969398,15.8821423237203,14.3358825909157,9.74590916318024,15.2521098026079,11.6756450207045,8.14983513970211,6.42713914877826
2009-08-06,185,"Thursday",0,0,0,1,0,0,0,0,0,0,0,0,0,0,5.22035582507832,14.4789756148455,12.573106359017,8.88784019437395,16.2202803901821,14.5734095420977,10.4599134965601,15.6948854708858,12.2704481266237,8.58422688402396,4.95775853191985
2009-08-07,186,"Friday",0,0,0,0,1,0,0,0,0,0,0,0,0,0,5.2257466737132,14.5759542166558,13.0040251576121,8.66839533196074,15.9171692289572,15.0468483543265,10.3221891709484,15.4369616758562,12.2072095681853,8.46718588274125,5.56252144627536
2009-08-08,187,"Saturday",0,0,0,0,0,1,0,0,0,0,0,0,0,0,5.23110861685459,14.8456301801524,13.0849660250355,8.86782622553935,15.9347633676471,14.6613666561008,10.0675021619364,15.6332104493676,12.363442036074,8.72527097416866,4.62802609426949
2009-08-09,188,"Sunday",0,0,0,0,0,0,1,0,0,0,0,0,0,0,5.23644196282995,14.5548302505946,13.289206148613,8.99870140855884,15.4852685758866,15.0143121825161,9.92918762000819,15.0595111250192,11.7715358215115,7.94900155025946,5.14237107829776
2009-08-10,189,"Monday",1,0,0,0,0,0,0,0,0,0,0,0,0,0,5.24174701505964,14.3725052001579,12.4571658177424,8.13683131882736,15.5811699038913,14.3814839781756,9.88790571200166,15.4798100497884,11.8323853717101,7.90350346345579,4.69737098497672
2009-08-11,190,"Tuesday",0,1,0,0,0,0,0,0,0,0,0,0,0,0,5.24702407216049,14.2852730686203,12.4238259820339,8.08605420014918,15.8273217597204,14.8221663743889,10.1526820253904,15.4785762902425,11.7116605397155,8.37804534284476,5.31024149449309
2009-08-12,191,"Wednesday",0,0,1,0,0,0,0,0,0,0,0,0,0,0,5.25227342804663,14.4834475788646,12.7207602452991,8.44697558864183,15.3788938671005,13.67,10.1975813634429,15.231031067141,11.5968401319246,8.37588518121886,4.24265862617793
2009-08-13,192,"Thursday",0,0,0,1,0,0,0,0,0,0,0,0,0,0,5.25749537202778,14.5542826469628,12.8544418779275,9.0640019857741,15.4705607727074,14.8477372441859,9.76708540637855,15.3239422080016,11.9539944084556,8.40160443178476,6.27240367052404
2009-08-14,193,"Friday",0,0,0,0,1,0,0,0,0,0,0,0,0,0,5.26269018890489,14.4184987870665,12.7512940582612,8.35457644947425,15.6942601247981,14.2215331254839,9.69589900214539,15.3411003927865,11.8104637479887,8.13490624638887,6.01723301633782
2009-08-15,194,"Saturday",0,0,0,0,0,1,0,0,0,0,0,0,0,0,5.26785815906333,14.7324352237305,13.0354738337164,8.79328919696185,16.1508626176271,14.834483617622,9.81933574136661,15.0486656652469,11.8891987696524,7.95233616565847,5.44237608716993
2009-08-16,195,"Sunday",0,0,0,0,0,0,1,0,0,0,0,0,0,0,5.27299955856375,14.2856247970999,12.7019526154262,8.63809489847243,15.686473285764,14.8954718369269,10.3574324399248,15.3840908010025,12.030022593416,7.788647291237,4.74306615008937
2009-08-17,196,"Monday",1,0,0,0,0,0,0,0,0,0,0,0,0,0,5.27811465923052,14.160637846098,12.222874279438,8.25800913195869,16.1926004875093,15.2454694649533,9.97164727771814,15.3918771323802,11.8391872836268,8.48424462989126,3.19712828815395
2009-08-18,197,"Tuesday",0,1,0,0,0,0,0,0,0,0,0,0,0,0,5.28320372873799,14.9395351557458,13.3878163228463,9.08924770293895,15.8058940410562,14.3446470511691,10.0703685598322,15.8326239803528,12.0430596356674,8.48882960898941,3.00545338574874
2009-08-19,198,"Wednesday",0,0,1,0,0,0,0,0,0,0,0,0,0,0,5.28826703069454,14.4334608750755,12.9852027916473,8.64261456214316,15.3656751066097,14.2629233494379,9.87591991273044,15.4336009940631,11.8603659280094,8.29734397924398,3.47590417102651
2009-08-20,199,"Thursday",0,0,0,1,0,0,0,0,0,0,0,0,0,0,5.29330482472449,14.6113012780033,12.9441881488306,8.91970149608995,15.9639194344537,14.2389775575785,9.98174665228762,15.3074846294278,11.8910260142122,8.43553869719463,3.63587081595823
2009-08-21,200,"Friday",0,0,0,0,1,0,0,0,0,0,0,0,0,0,5.29831736654804,14.3776981550828,12.6119502009081,8.66741824930615,15.1108258256646,14.4339117086594,9.70305568680593,15.529397240979,12.0680413058704,8.52134116163893,5.79667672328779
2009-08-22,201,"Saturday",0,0,0,0,0,1,0,0,0,0,0,0,0,0,5.30330490805908,14.7344301363147,13.2933095025692,9.08816483062441,15.7904487919517,14.6640241092437,10.173753775665,15.7287482604732,12.1955899021614,8.70987870950899,2.6848928350517
2009-08-23,202,"Sunday",0,0,0,0,0,0,1,0,0,0,0,0,0,0,5.30826769740121,15.0056769291129,13.4081282905215,8.94768082863571,15.5628832132212,14.6244459337221,9.49703375085098,15.4113137733232,12.1041767413654,8.26019166977726,4.55870645389776
2009-08-24,203,"Monday",1,0,0,0,0,0,0,0,0,0,0,0,0,0,5.31320597904179,14.6196699370925,12.4585611083099,8.75533631913192,15.5739976663465,15.8160741818842,10.4644442253298,15.3820939858579,11.9485354429649,8.05329706509507,3.90614499475679
2009-08-25,204,"Tuesday",0,1,0,0,0,0,0,0,0,0,0,0,0,0,5.31811999384422,14.3205462364884,12.4293803267247,8.58424026967069,15.8816824757857,15.0469273654442,9.83219546847476,15.344814301491,11.7868096257498,8.52721806467004,4.43320429423971
2009-08-26,205,"Wednesday",0,0,1,0,0,0,0,0,0,0,0,0,0,0,5.32300997913841,14.2570520460236,13.0404352412456,8.60314134165001,15.6734041293081,14.0859319001108,9.99591392880789,15.1100879163311,11.3881170748828,8.09390015610624,3.64647286089863
2009-08-27,206,"Thursday",0,0,0,1,0,0,0,0,0,0,0,0,0,0,5.32787616878958,14.9459360549847,12.9048097366665,8.7983640777945,15.3801325938282,15.0386408479236,9.82155719324934,15.4919246955995,12.2018629986239,8.11532318925464,5.29627976891416
2009-08-28,207,"Friday",0,0,0,0,1,0,0,0,0,0,0,0,0,0,5.33271879326537,14.9687076414049,13.78,9.24932756056897,15.7293399262709,14.8526161300966,9.79226832015128,14.9272289471625,11.470305371973,8.24952858151012,4.35571074499312
2009-08-29,208,"Saturday",0,0,0,0,0,1,0,0,0,0,0,0,0,0,5.33753807970132,14.6041368642855,12.8519804144891,8.83835362780339,16.0479330894301,15.0200082054563,9.6011820118053,15.3165469935617,11.9589830918426,7.95504039131974,5.05749610602345
2009-08-30,209,"Sunday",0,0,0,0,0,0,1,0,0,0,0,0,0,0,5.34233425196481,14.3448330770785,12.3597654058417,8.5679178762652,16.1219955525641,15.3266594762237,9.83866188672478,15.2412216752147,12.1042473058231,8.48784532410576,4.10237790509835
2009-08-31,210,"Monday",1,0,0,0,0,0,0,0,0,0,0,0,0,0,5.34710753071747,14.8119325265906,13.3504982131945,8.79016059608817,15.9177438872781,15.0224661126845,9.86621345407711,15.6656409455833,12.3451139397255,8.67887258932648,3.00442013557952
2009-09-01,211,"Tuesday",0,1,0,0,0,0,0,0,0,0,0,0,0,0,5.35185813347607,14.5762537842831,12.9874856380017,8.60444993190799,15.9189729463477,15.3758891304354,9.97183444397775,15.5055552655506,12.0656477442676,8.42244828592717,4.48731633915709
2009-09-02,212,"Wednesday",0,0,1,0,0,0,0,0,0,0,0,0,0,0,5.35658627467201,14.7717355903746,13.3741194455777,9.07250318015608,15.5194261510136,14.2013404339893,10.0913691250834,15.5438672596038,11.880524927814,8.5305471437385,5.10110078675897
2009-09-03,213,"Thursday",0,0,0,1,0,0,0,0,0,0,0,0,0,0,5.36129216570943,14.4669067354159,12.7409246450061,8.35967320490055,16.2852260000485,15.7277476385582,10.1395098799512,15.0272992096406,11.629794782685,7.851350042082,3.97286951015763
2009-09-04,214,"Friday",0,0,0,0,1,0,0,0,0,0,0,0,0,0,5.36597601502185,14.5927681614958,13.5711552934443,8.85408589743404,15.478227590694,13.8445832167272,9.92265328119817,15.6342224524967,12.213819764432,8.53116247592545,3.96442003469629
2009-09-05,215,"Saturday",0,0,0,0,0,1,0,0,0,0,0,0,1,0,5.37063802812766,14.6881011881093,12.8941878700645,8.88117789143156,16.0141647144737,14.8431544114543,9.98874894219041,15.4904094979451,11.9640863568638,8.17061685920014,3.37264554894936
2009-09-06,216,"Sunday",0,0,0,0,0,0,1,0,0,0,0,0,1,0,5.37527840768417,14.9546780020227,13.3087340575157,8.80937284272715,16.0427921633713,14.8259167459905,10.1665497309538,15.2069067032309,11.8091488079753,8.29096043030148,5.68245617512067
2009-09-07,217,"Monday",1,0,0,0,0,0,0,0,0,0,0,0,1,0,5.37989735354046,14.4785155238209,12.8083517784314,8.60615528604388,15.4011381473245,15.3411631551883,9.99180911787889,15.8291807048951,12.2510563051415,8.52120836858397,5.47399119448539
